run,round,status,candidate_id,selected_or_representative_feature,plain_language_definition,partial_r,p_value,train_panel_r_after_round,test_panel_r_after_round,panel_size_after_round,n_variants_in_saved_screen
run_20260420_162449_64fb7a,1,accepted,ca1-pyramidal-fraction,ca1_pyramidal_fraction,CA1 pyramidal neuron fraction,0.29397628619873717,0.0865043209227582,0.2939762861987372,0.379919332064498,1,2
run_20260420_162449_64fb7a,2,accepted,ca1-reactive-astro-fraction,ca1_reactive_astrocyte_lineage_fraction,Reactive Astrocyte / (Astrocyte + Reactive Astrocyte) within CA1,-0.49138642466817395,0.0027206212123134102,0.5071134820208295,0.5330247659754699,2,2
run_20260420_162449_64fb7a,3,accepted,ca1-perineuronal-reactive-astro,ca1_pyramidal_reactive_astro_niche_fraction_80px,CA1 proportion of pyramidal neurons with at least one reactive astrocyte within 80 full-resolution pixels (~40 µm).,-0.5153688403453585,0.0015332941061763313,0.5504976013593442,0.555566279516924,3,2
run_20260420_162449_64fb7a,4,accepted,ca1-peripyramidal-reactive-astro-coverage,ca1_pyramidal_reactive_astro_coverage_60px,Fraction of CA1 pyramidal neurons with >=1 CA1 reactive astrocyte within 60 px.,-0.5176089960436686,0.0014502076507958426,0.5535574932229096,0.5893438201554061,4,2
run_20260420_162449_64fb7a,5,rejected,,timeout_placeholder_not_evaluable,Round failed or timed out; no evaluable biomarker was preserved for this discarded round.,,,0.5535574932229096,0.5893438201554061,4,0
run_20260420_162449_64fb7a,6,accepted,ca1-ra-proximal-pyramidal-area,ca1_pyramidal_reactive_astro_proximal_median_log_area_80px,Median log1p(contour area px^2) of CA1 pyramidal neurons within 80 px of any CA1 reactive astrocyte centroid.,-0.04230137012529175,0.8093400917972754,0.5940293435719856,0.6111200267905873,5,2
run_20260420_162449_64fb7a,7,accepted,ca1-ra-proximal-small-pyramidal-fraction,ca1_ra_proximal_small_pyramidal_fraction_q33_r80,80 px reactive-astrocyte radius; small pyramidal neurons defined below donor CA1 pyramidal area 33rd percentile.,0.32874343079267515,0.05382836539435236,0.6031004024159579,0.6111436147040655,6,2
run_20260420_162449_64fb7a,8,rejected,ca1-ra-small-pyramidal-enrichment,ca1_small_pyramidal_enrichment_q20_80px,"Fraction/enrichment of small CA1 pyramidal neurons near reactive astrocytes within 80 pixels, with small cells defined by the donor-level lower 20th percentile.",0.21402066612411264,,0.6031004024159579,0.6111436147040655,6,2
run_20260420_162449_64fb7a,9,accepted,ca1-ra-proximal-pyramidal-lower-tail-area,ca1_pyramidal_reactive_astro_proximal_q20_log_area_80px,20th percentile of log1p(area) for CA1 pyramidal neurons within 80 px of any CA1 reactive astrocyte.,-0.09937765573899197,0.570046299880305,0.6568781531876018,0.6114222610832746,7,2
run_20260420_162449_64fb7a,10,rejected,ec-ra-proximal-pyramidal-lower-tail-area,ec_reactive_astro_proximal_pyramidal_lower_tail_area_80px,EC reactive-astrocyte-proximal pyramidal lower-tail area with 80 px radius.,0.22694243284798912,,0.6568781531876018,0.6114222610832746,7,2
run_20260420_215745_90b105,1,accepted,ca1-pyramidal-burden,ca1_pyramidal_fraction,CA1 Pyramidal Neuron count divided by all classified CA1 cells.,0.29397628619873717,0.0865043209227582,0.29397628619873717,0.3799193320644981,1,2
run_20260420_215745_90b105,2,accepted,ca1-reactive-astrocyte-enrichment,ca1_reactive_astrocyte_enrichment__reactive_over_astroglial,CA1 Reactive Astrocyte / (Reactive Astrocyte + Astrocyte),-0.49138642466817395,,0.5071134820208294,0.5330247659754701,2,2
run_20260420_215745_90b105,3,accepted,ca1-pyramidal-reactive-niche,ca1_pyramidal_reactive_niche__reactive_over_astroglial_neighbored_pyramidal_fraction_r70px,Fraction of CA1 pyramidal neurons whose local astroglial neighbors within 70 pixels are enriched for reactive astrocytes.,-0.48366175658872934,0.003244548369920403,0.5075671340960017,0.5514909895950764,3,3
run_20260420_215745_90b105,4,accepted,ca1-reactive-astrocyte-hypertrophy,ca1_reactive_astrocyte_hypertrophy__reactive_minus_astrocyte_median_log1p_area_ca1,Baseline CA1 reactive astrocyte hypertrophy contrast: median(log1p(area_px2)) of CA1 Reactive Astrocytes minus median(log1p(area_px2)) of CA1 Astrocytes.,-0.3575527378754102,0.034965074051349375,0.5424970928001858,0.5656925831425842,4,2
run_20260420_215745_90b105,5,accepted,ca1-reactive-astrocyte-microclustering,feature__reactive_minus_astrocyte_microcluster_fraction_r70px_k3,"Reactive astrocyte microcluster fraction minus non-reactive astrocyte microcluster fraction, where a microcluster requires at least 3 same-class neighbors within 70 pixels.",-0.5125051225713363,,0.6581313149459931,0.5684679167639368,5,2
run_20260420_215745_90b105,6,accepted,ca1-pyramidal-hotspot-exposure,feature__candidate_variant_a,CA1 pyramidal fraction exposed to reactive-astrocyte hotspots minus CA1 pyramidal fraction exposed to baseline astrocyte hotspots; hotspot = at least 3 same-label neighbors within 70 px.,-0.5927359235636277,,0.6672839039632176,0.5732277028882313,6,2
run_20260420_215745_90b105,7,accepted,ca1-reactive-hotspot-pyramidal-depletion,ca1_reactive_hotspot_pyramidal_depletion__candidate_variant_b,"Same hotspot definition, but pyramidal neighbors counted within 50 px to focus on immediate pericellular depletion.",-0.05452999771566416,,0.7017489623501568,0.6463068780758794,7,2
run_20260420_215745_90b105,8,accepted,ca1-reactive-hotspot-oligodendrocyte-depletion,ca1_reactive_hotspot_oligodendrocyte_depletion__candidate_variant_b,Same biomarker but with a slightly stricter hotspot threshold k=4 same-type neighbors within 70 px.,0.39757545363231284,,0.7095843482330292,0.6554001237016208,8,2
run_20260420_215745_90b105,9,accepted,ca1-reactive-hotspot-corpora-amylacea-enrichment,ca1_reactive_hotspot_corpora_amylacea_enrichment__reactive_minus_astro_hotspot_local_ca_fraction_r70px_k3,"Reactive-astrocyte hotspot local Corpora Amylacea fraction minus astrocyte hotspot local Corpora Amylacea fraction in CA1, r=70 px, k=3.",-0.2570802846477412,0.13599846198865748,0.7129265091183226,0.6973811445946402,9,2
run_20260420_215745_90b105,10,accepted,ca1-reactive-hotspot-lymphocyte-enrichment,ca1_reactive_hotspot_lymphocyte_enrichment__reactive_minus_astro_hotspot_local_lymphocyte_fraction_r70px_k3,Mean local lymphocyte fraction within 70 px around CA1 reactive-astrocyte hotspots minus the same fraction around matched CA1 astrocyte hotspots; hotspot rule uses >=3 same-class neighbors within 70 px.,0.11446054788678535,0.5619375214365594,0.7484467107464015,0.7146424154168948,10,2
run_20260421_001115_585b70,1,accepted,ca1-reactive-astro-fraction,reactive_astro_fraction_ca1,Reactive Astrocyte / (Astrocyte + Reactive Astrocyte) among CA1-assigned cells.,-0.49138642466817395,0.0027206212123134102,0.49138642466817367,0.4844844831971136,1,2
run_20260421_001115_585b70,2,accepted,ca1-peripyramidal-reactivity,ca1_peripyramidal_reactivity_r35um,Fraction or index of CA1 pyramidal-neuron neighborhoods within 35 um that contain reactive astrocytes.,-0.4941062427089572,0.0025545606608905953,0.49643764543573465,0.4989035463498217,2,2
run_20260421_001115_585b70,3,accepted,ca1-reactive-cuffing,ca1_pyramidal_cuffed_fraction_r35um_ge1,Fraction of CA1 pyramidal neurons with at least 1 reactive astrocyte within 35 um.,-0.5224246288415226,,0.5543656631949597,0.5352648462538887,3,3
run_20260421_001115_585b70,4,accepted,ca1-reactive-cuff-severity,ca1_pyramidal_cuffed_fraction_r35um_ge2,Fraction of CA1 pyramidal neurons with at least 2 CA1 reactive astrocytes within 35 µm,-0.5044313938122955,0.002001853562266815,0.5730872800605321,0.5448762255267402,4,2
run_20260421_001115_585b70,5,accepted,ca1-reactive-dominant-cuff,ca1_pyramidal_supermajority_reactive_cuff_fraction_r35um_ge2,Fraction of CA1 pyramidal neurons with at least 2 nearby astrocyte-lineage cells within 35 um where most nearby astrocyte-lineage cells are reactive.,-0.5290669058538462,,0.5766015762796929,0.6299751072476224,5,2
run_20260421_001115_585b70,6,accepted,ca1-peripyramidal-reactive-hypertrophy,ca1_peripyramidal_reactive_area_median_r35um,Median contour area of CA1 reactive astrocytes within 35 µm of any CA1 pyramidal neuron,-0.3165415805298734,0.06393462313686092,0.594383040502962,0.636039780802572,6,2
run_20260421_001115_585b70,7,rejected,ca1-reactive-burden-area,ca1_pyramidal_mean_total_reactive_area_r35um,Mean per-CA1-pyramidal-neuron summed reactive-astrocyte contour area within 35 µm,-0.5438190234145125,0.0007339793134904789,0.594383040502962,0.636039780802572,6,2
run_20260421_001115_585b70,8,accepted,ca1-immune-admixed-reactive-cuff,ca1_pyramidal_immune_admixed_reactive_cuff_fraction_r50um_ra2_ly1,Fraction of CA1 pyramidal neurons with >=2 Reactive Astrocytes and >=1 Lymphocyte within 50 um.,-0.4751765905728468,0.003918998603012926,0.6231944129524977,0.6634589726758491,7,2
run_20260421_001115_585b70,9,accepted,ca1-conditional-immune-cuff,ca1_conditional_immune_cuff_fraction_r50um_ra2_ly1,"Among CA1 pyramidal neurons with a severe reactive cuff (>=2 reactive astrocytes within 50 um), fraction that also have >=1 nearby lymphocyte within 50 um.",-0.27791006928221096,0.10599674910874751,0.6317054963601209,0.6636691388199973,8,2
run_20260421_001115_585b70,10,accepted,ca1-conditional-dense-immune-cuff,ca1_conditional_immune_cuff_fraction_r50um_ra2_ly2,"Among CA1 pyramidal neurons with a severe reactive cuff (>=2 reactive astrocytes within 50 um), fraction that also have >=2 nearby lymphocytes within 50 um.",0.14741487023984762,0.3980683222767886,0.6599856621115242,0.6636691388199973,9,2
run_20260421_014751_94b13b,1,accepted,ca1-pyramidal-abundance,ca1_pyramidal_fraction,Fraction of classified CA1 cells that are pyramidal neurons.,0.2939762861987372,,0.29397628619873717,0.3799193320644981,1,2
run_20260421_014751_94b13b,2,accepted,ca1-reactive-astrocyte-enrichment,ca1_reactive_astrocyte_enrichment__reactive_over_astroglia,CA1 Reactive Astrocyte / (CA1 Reactive Astrocyte + CA1 Astrocyte),-0.49138642466817395,0.0027206212123134102,0.5071134820208294,0.5330247659754701,2,2
run_20260421_014751_94b13b,3,accepted,ca1-pyramidal-reactive-proximity,ca1_pyramidal_reactive_neighbor_fraction_r6_neighbor_fraction,Fraction of CA1 pyramidal neurons with nearby reactive astrocytes using the selected local-neighbor radius.,0.19858651392795423,0.25278081340003195,0.518868367175269,0.5762329802909031,3,2
run_20260421_014751_94b13b,4,accepted,ca1-reactive-astrocyte-hypertrophy,ca1_reactive_astrocyte_hypertrophy_median_log_area_shift,median(log contour area) of CA1 Reactive Astrocytes minus median(log contour area) of CA1 Astrocytes,-0.35878829326188655,0.034295853506710224,0.5407646898822062,0.5812326759954752,4,2
run_20260421_014751_94b13b,5,accepted,ca1-reactive-local-purity,ca1_reactive_local_purity_r60um,Fraction of local CA1 neighborhoods within 60 um where astrocyte-lineage cells are predominantly reactive.,-0.47814092641722866,0.0036707470486180382,0.5485049496758977,0.5824182979546179,5,2
run_20260421_014751_94b13b,6,accepted,ca1-reactive-neuron-exclusion,ca1_reactive_pyramidal_desert_t20,Fraction/extent of CA1 reactive-astrocyte neighborhoods with low local pyramidal-neuron presence using the selected t20 threshold.,-0.2544902281784801,0.14012639244525626,0.5526809608905663,0.6077839513076074,6,2
run_20260421_014751_94b13b,7,accepted,ca1-reactive-pyramidal-atrophy,ca1_reactive_pyramidal_log_area_shift_r60px,"Log-area shift of CA1 pyramidal neurons located within 60 pixels, about 30 um, of reactive astrocytes.",-0.11777635722907652,,0.5817056259555895,0.6344657825095299,7,2
run_20260421_014751_94b13b,8,accepted,ca1-reactive-oligodendrocyte-gap,ca1_reactive_oligodendrocyte_gap_r80px,"Fraction/extent of CA1 reactive-neighborhood pyramidal neurons with no or reduced oligodendrocyte neighbors within 80 pixels, about 40 um.",0.13508479814270355,0.43910522687755804,0.586968481760851,0.6533861038750627,8,2
run_20260421_014751_94b13b,9,accepted,ca1-reactive-corpora-amylacea-niche,ca1_reactive_corpora_amylacea_neighbor_fraction_r96px,Fraction of CA1 reactive-niche pyramidal neurons with at least one Corpora Amylacea within 96 px.,-0.1205700819144657,0.490244244292427,0.5907418490372726,0.6536142532832292,9,3
run_20260421_014751_94b13b,10,accepted,ca1-reactive-lymphocyte-niche,ca1_reactive_lymphocyte_neighbor_fraction_r128px,Fraction of CA1 reactive-neighborhood cells or pyramidal-neuron niches with at least one nearby lymphocyte within 128 pixels.,-0.34918538042307473,0.039781931306735525,0.628845068266383,0.7527174572944038,10,2
run_20260421_052101_efbee1,1,accepted,ca1-reactive-astro-fraction,ca1_reactive_astro_fraction,Reactive Astrocyte / (Astrocyte + Reactive Astrocyte) within CA1,-0.49138642466817395,0.0027206212123134102,0.49138642466817367,0.4844844831971136,1,2
run_20260421_052101_efbee1,2,accepted,ca1-peripyramidal-reactive-astro,ca1_pyramidal_near_reactive_astro_fraction_30um,Fraction of CA1 pyramidal neurons with at least one CA1 reactive astrocyte within ~30 um.,-0.5190730358441814,0.001398068312458943,0.551317575365083,0.5334900843865741,2,2
run_20260421_052101_efbee1,3,accepted,ca1-peripyramidal-reactive-astro-crowding,ca1_pyramidal_reactive_astro_crowding_fraction_k3_30um,Fraction of CA1 pyramidal neurons with at least 3 CA1 reactive astrocytes within 30 um.,-0.5246508556443269,0.0012142024978580987,0.5983945263934941,0.5841523026781287,3,2
run_20260421_052101_efbee1,4,accepted,ca1-peripyramidal-reactive-astro-area,ca1_peripyramidal_reactive_astro_area_median_30um_um2,Median area of CA1 reactive astrocytes whose centroids are within 30 microns of any CA1 pyramidal neuron.,-0.37545094595780576,0.026246324999386884,0.6306591842826829,0.6072218360103573,4,2
run_20260421_052101_efbee1,5,accepted,ca1-peripyramidal-astro-reactivity-index,ca1_peripyramidal_astro_reactivity_index_30um,CA1 peripyramidal astrocyte-lineage reactivity index using a 30 um radius around CA1 pyramidal neurons.,-0.48661801692015805,0.0030345198003220116,0.6322949177783994,0.6177863496119865,5,2
run_20260421_052101_efbee1,6,accepted,ca1-reactive-astro-pyramidal-isolation,ca1_pyramidal_reactive_astro_isolated_fraction_k5_30um,Fraction of CA1 pyramidal neurons in reactive-astrocyte neighborhoods with a sparse or isolated configuration based on up to 5 nearby cells within 30 um.,-0.5243735359829851,0.0012228139838885686,0.6347167578530458,0.6452811391738926,6,2
run_20260421_052101_efbee1,7,accepted,ca1-peripyramidal-reactive-astro-lymphocyte-contact,ca1_peripyramidal_reactive_astro_lymphocyte_contact_fraction_20um,More local version: fraction of CA1 peripyramidal reactive astrocytes with at least one CA1 lymphocyte within 20 um.,0.1762479232959807,,0.6490732198896327,0.6701190437560683,7,2
run_20260421_052101_efbee1,8,accepted,ca1-pyramidal-reactive-astro-lymphocyte-triad,ca1_pyramidal_reactive_astro_lymphocyte_triad_fraction_25um,Fraction of CA1 pyramidal neurons with both nearby reactive astrocytes and nearby lymphocytes within 25 um.,0.16041283077161586,0.35729581367689345,0.6590498646303795,0.68218141615368,8,3
run_20260421_052101_efbee1,9,accepted,ca1-ra-exposed-pyramidal-lymphocyte-enrichment,ca1_ra_exposed_pyramidal_lym_ge1_fraction_25um,Fraction of CA1 reactive-astro-exposed pyramidal neurons with at least 1 lymphocyte within 25 um.,0.15933151706227072,0.3605886428848102,0.6594286208567729,0.6835415297078299,9,2
run_20260421_052101_efbee1,10,accepted,ca1-peripyramidal-ra-lymphocyte-area-burden,ca1_peripyramidal_ra_lymphocyte_area_burden_20um,"Peripyramidal reactive astrocytes within 30 um of CA1 pyramidal neurons; score is summed area of lymphocyte-contacting cells / peripyramidal reactive astrocyte count, with lymphocyte contact defined within 20 um.",0.2106638897720901,,0.7051978981848749,0.7048623995317841,10,2
